name,age,sex,exp_years,proficiency,easy_use,understood,answers_useful,additional_info,explain_output,robustness,workflow_improvement,generation_useful,efficiency,response_time,confidence,continue_using,learned_commands,uncertain_command,improvement_comments,timestamp
A,24,M,1,1,5,4,5,1,4,3,5,5,4,5,4,5,True,True,I would love to have self completion or at least automatic accpetance of the commands rather then copy pasting. This could improve the speed of my usage. (maybe arrow up could return the command suggested by roger if the previous command was the question). For the rest I love it,2023-05-30 16:32:02
B,27,M,6,3,4,5,5,1,I did not ask roger to explain its output during the study,"I did not make any mistakes (typos, semantic errors) while prompting roger",4,5,1,2,2,2,True,False,Response time,2023-05-31 14:20:45
C,31,F,1,1,5,4,4,1,5,2,4,4,5,3,5,4,True,True,"when the prompt is ambigius maybe roger could answer with a question to clarify this. Also after some point it took too long to generate the replies, probably cause i didnt rogerwipe. maybe good to remind it every once in a while?",2023-06-02 18:12:37
D,26,F,7,1,4,5,5,1,I did not ask roger to explain its output during the study,5,5,5,5,4,5,5,True,True,that you dont have to type roger,2023-06-04 20:45:48
E,26,M,7,3,5,5,5,1,I did not ask roger to explain its output during the study,5,4,5,5,4,5,4,True,True,"Keeping track of the commands I wrote after invoking him. Giving multiple options. Explaining/show expected output. ""Echo mode"" where it prints the output (for loops) rather then perform the action itself.",2023-06-06 15:59:25
F,23,M,10,5,5,5,4,1,4,"I did not make any mistakes (typos, semantic errors) while prompting roger",5,4,5,4,2,5,False,False,"Sometimes it adds options that are not nesscary (for example it specified \t as a delimiter for cut even though that was the default) (for openssl it recommended to put the password in the command itself which could be useful for a bash script was a run automatically, but probably insecure for normal interactive use). The formatting for how roger explains its previous commands.",2023-06-06 20:50:35
G,24,M,1,1,5,4,4,3,I did not ask roger to explain its output during the study,"I did not make any mistakes (typos, semantic errors) while prompting roger",3,5,5,3,5,5,False,True,"Let roger explain itself, for terminal noobs",2023-06-08 13:37:50
H,23,F,2,3,5,5,4,1,I did not ask roger to explain its output during the study,2,5,5,5,4,5,5,True,False,"A -f flag for excluding ""roger:"" for me to use it systematically as a function.",2023-06-09 14:07:21
I,22,F,1,2,5,4,5,5,I did not ask roger to explain its output during the study,4,4,5,5,5,4,4,True,True,baska dilleri de anlayabilmesi would be nice,2023-06-09 15:50:57
J,26,F,1,2,4,4,4,1,I did not ask roger to explain its output during the study,5,5,4,4,5,5,4,True,True,Ask more details if something is not completely undestood instead of giving answers.,2023-06-10 13:23:12
